Workbook

Sheet Jan
A1: Gas Usage summary on Jan 2026
A2: Type | C2: Description | D2: Remine (ຍອດຕົ້ນເດືອນ 1) | E2: 1 | F2: 2 | G2: 3 | H2: 4 | I2: 5 | J2: 6 | K2: 7 | L2: 8 | M2: 9 | N2: 10 | O2: 11 | P2: 12 | Q2: 13 | R2: 14 | S2: 15 | T2: 16 | U2: 17 | V2: 18 | W2: 19 | X2: 20 | Y2: 21 | Z2: 22 | AA2: 23 | AB2: 24 | AC2: 25 | AD2: 26 | AE2: 27 | AF2: 28 | AG2: 29 | AH2: 30 | AI2: 31 | AJ2: Total | AK2: Remain (ຍອດທີ່ເຫຼືອທ້າຍເດືອນ 12) | AL2: PO Order ( ອໍເດີ ) | AM2: PO Received (ໄດ້ຮັບ) | AN2: PO Remain (ຄ້າງ)
A3: O2 (96%) | B3: Adding | C3: O2 | D3: 16 | AJ3: =SUM(E3:AI3) -> 0 | AK3: =SUM(D3+AJ3)-SUM(AJ4:AJ6) -> 3 | AL3: 100 | AM3: 68 | AN3: =SUM(AL3-AM3) -> 32
B4: Usage | C4: TGA701 | G4: 1 | L4: 1 | S4: 1 | W4: 1 | AE4: 1 | AJ4: =SUM(E4:AI4) -> 5
C5: SC632 | E5: 1 | I5: 1 | P5: 1 | Y5: 1 | AJ5: =SUM(E5:AI5) -> 4
C6: AC500 | H6: 1 | M6: 1 | T6: 1 | AA6: 1 | AJ6: =SUM(E6:AI6) -> 4
A7: N2 | B7: Adding | C7: N2 | D7: 28 | AJ7: =SUM(E7:AI7) -> 0 | AK7: =SUM(D7+AJ7)-(AJ8) -> 14 | AL7: 100 | AM7: 96 | AN7: =SUM(AL7-AM7) -> 4
B8: Usage | C8: TGA701 | E8: 1 | G8: 1 | H8: 1 | K8: 1 | N8: 1 | P8: 1 | R8: 1 | T8: 1 | V8: 1 | W8: 1 | Z8: 1 | AB8: 1 | AF8: 1 | AH8: 1 | AJ8: =SUM(E8:AI8) -> 14
A9: O2 (100%) | B9: Adding | C9: O2 | D9: 2 | AJ9: =SUM(E9:AI9) -> 0 | AK9: =SUM(D9+AJ9)-SUM(AJ9:AJ10) -> 2
B10: Usage | C10: CHN | AJ10: =SUM(E10:AI10) -> 0
A11: Helium | B11: Adding | C11: Helium | D11: =#REF! -> #REF! | AJ11: =SUM(E11:AI11) -> 0 | AK11: =SUM(D11+AJ11)-SUM(AJ11:AJ12) -> #REF!
B12: Usage | C12: CHN | AJ12: =SUM(E12:AI12) -> 0

Sheet Fed
A1: Gas Usage summary on Fed 2026
A2: Type | C2: Description | D2: Remine (ຍອດຕົ້ນເດືອນ 2) | E2: 1 | F2: 2 | G2: 3 | H2: 4 | I2: 5 | J2: 6 | K2: 7 | L2: 8 | M2: 9 | N2: 10 | O2: 11 | P2: 12 | Q2: 13 | R2: 14 | S2: 15 | T2: 16 | U2: 17 | V2: 18 | W2: 19 | X2: 20 | Y2: 21 | Z2: 22 | AA2: 23 | AB2: 24 | AC2: 25 | AD2: 26 | AE2: 27 | AF2: 28 | AG2: 29 | AH2: 30 | AI2: 31 | AJ2: Total | AK2: Remain (ຍອດທີ່ເຫຼືອທ້າຍເດືອນ 12) | AL2: PO Order ( ອໍເດີ ) | AM2: PO Received (ໄດ້ຮັບ) | AN2: PO Remain (ຄ້າງ)
A3: O2 (96%) | B3: Adding | C3: O2 | D3: 4 | E3: 17 | AD3: 9 | AJ3: =SUM(E3:AI3) -> 26 | AK3: =SUM(D3+AJ3)-SUM(AJ4:AJ6) -> 17 | AL3: 100 | AM3: 85 | AN3: =SUM(AL3-AM3) -> 15
B4: Usage | C4: TGA701 | F4: 1 | J4: 1 | O4: 1 | T4: 1 | Y4: 1 | AE4: 1 | AJ4: =SUM(E4:AI4) -> 6
C5: SC632 | L5: 1 | T5: 1 | AB5: 1 | AJ5: =SUM(E5:AI5) -> 3
C6: AC500 | E6: 1 | M6: 1 | U6: 1 | AC6: 1 | AJ6: =SUM(E6:AI6) -> 4
A7: N2 | B7: Adding | C7: N2 | D7: 15 | M7: 20 | AJ7: =SUM(E7:AI7) -> 20 | AK7: =SUM(D7+AJ7)-(AJ8) -> 25 | AL7: 100 | AM7: 96 | AN7: =SUM(AL7-AM7) -> 4
B8: Usage | C8: TGA701 | E8: 1 | F8: 1 | J8: 1 | K8: 1 | N8: 1 | Q8: 1 | T8: 1 | Y8: 1 | AC8: 1 | AF8: 1 | AJ8: =SUM(E8:AI8) -> 10
A9: O2 (100%) | B9: Adding | C9: O2 | D9: 2 | AJ9: =SUM(E9:AI9) -> 0 | AK9: =SUM(D9+AJ9)-SUM(AJ9:AJ10) -> 2
B10: Usage | C10: CHN | AJ10: =SUM(E10:AI10) -> 0
A11: Helium | B11: Adding | C11: Helium | D11: =#REF! -> #REF! | AJ11: =SUM(E11:AI11) -> 0 | AK11: =SUM(D11+AJ11)-SUM(AJ11:AJ12) -> #REF!
B12: Usage | C12: CHN | AJ12: =SUM(E12:AI12) -> 0

Sheet Mar
A1: Gas Usage summary on Mar 2026
A2: Type | C2: Description | D2: Remine (ຍອດຕົ້ນເດືອນ 3) | E2: 1 | F2: 2 | G2: 3 | H2: 4 | I2: 5 | J2: 6 | K2: 7 | L2: 8 | M2: 9 | N2: 10 | O2: 11 | P2: 12 | Q2: 13 | R2: 14 | S2: 15 | T2: 16 | U2: 17 | V2: 18 | W2: 19 | X2: 20 | Y2: 21 | Z2: 22 | AA2: 23 | AB2: 24 | AC2: 25 | AD2: 26 | AE2: 27 | AF2: 28 | AG2: 29 | AH2: 30 | AI2: 31 | AJ2: Total | AK2: Remain (ຍອດທີ່ເຫຼືອທ້າຍເດືອນ 12) | AL2: PO Order ( ອໍເດີ ) | AM2: PO Received (ໄດ້ຮັບ) | AN2: PO Remain (ຄ້າງ)
A3: O2 (96%) | B3: Adding | C3: O2 | D3: 17 | Q3: 9 | AF3: 9 | AJ3: =SUM(E3:AI3) -> 18 | AK3: =SUM(D3+AJ3)-SUM(AJ4:AJ6) -> 19 | AL3: 100 | AM3: 44 | AN3: 56
B4: Usage | C4: TGA701 | E4: 1 | H4: 1 | K4: 1 | N4: 1 | P4: 1 | V4: 1 | AB4: 1 | AF4: 1 | AJ4: =SUM(E4:AI4) -> 8
C5: SC632 | K5: 1 | T5: 1 | AA5: 1 | AI5: 1 | AJ5: =SUM(E5:AI5) -> 4
C6: AC500 | F6: 1 | P6: 1 | W6: 1 | AD6: 1 | AJ6: =SUM(E6:AI6) -> 4
A7: N2 | B7: Adding | C7: N2 | D7: 25 | AJ7: =SUM(E7:AI7) -> 0 | AK7: =SUM(D7+AJ7)-(AJ8) -> 11 | AL7: 100 | AM7: 20 | AN7: =SUM(AL7-AM7) -> 80
B8: Usage | C8: TGA701 | E8: 1 | F8: 1 | I8: 1 | K8: 1 | L8: 1 | N8: 1 | R8: 1 | U8: 1 | Y8: 1 | AC8: 1 | AF8: 1 | AG8: 1 | AH8: 1 | AI8: 1 | AJ8: =SUM(E8:AI8) -> 14
A9: O2 (100%) | B9: Adding | C9: O2 | D9: 2 | AJ9: =SUM(E9:AI9) -> 0 | AK9: =SUM(D9+AJ9)-SUM(AJ9:AJ10) -> 2
B10: Usage | C10: CHN | AJ10: =SUM(E10:AI10) -> 0
A11: Helium | B11: Adding | C11: Helium | D11: =#REF! -> #REF! | AJ11: =SUM(E11:AI11) -> 0 | AK11: =SUM(D11+AJ11)-SUM(AJ11:AJ12) -> #REF!
B12: Usage | C12: CHN | AJ12: =SUM(E12:AI12) -> 0

Sheet Apr
A1: Gas Usage summary on Apr 2026
A2: Type | C2: Description | D2: Remine (ຍອດຕົ້ນເດືອນ 4) | E2: 1 | F2: 2 | G2: 3 | H2: 4 | I2: 5 | J2: 6 | K2: 7 | L2: 8 | M2: 9 | N2: 10 | O2: 11 | P2: 12 | Q2: 13 | R2: 14 | S2: 15 | T2: 16 | U2: 17 | V2: 18 | W2: 19 | X2: 20 | Y2: 21 | Z2: 22 | AA2: 23 | AB2: 24 | AC2: 25 | AD2: 26 | AE2: 27 | AF2: 28 | AG2: 29 | AH2: 30 | AI2: 31 | AJ2: Total | AK2: Remain (ຍອດທີ່ເຫຼືອທ້າຍເດືອນ 12) | AL2: PO Order ( ອໍເດີ ) | AM2: PO Received (ໄດ້ຮັບ) | AN2: PO Remain (ຄ້າງ)
A3: O2 (96%) | B3: Adding | C3: O2 | D3: 19 | AA3: 9 | AJ3: =SUM(E3:AI3) -> 9 | AK3: =SUM(D3+AJ3)-SUM(AJ4:AJ6) -> 17 | AL3: 100 | AM3: 53 | AN3: 47
B4: Usage | C4: TGA701 | L4: 1 | P4: 1 | U4: 1 | Y4: 1 | AF4: 1 | AG4: 1 | AJ4: =SUM(E4:AI4) -> 6
C5: SC632 | H5: 1 | N5: 1 | X5: 1 | AJ5: =SUM(E5:AI5) -> 3
C6: AC500 | I6: 1 | S6: 1 | AJ6: =SUM(E6:AI6) -> 2
A7: N2 | B7: Adding | C7: N2 | D7: 11 | AF7: 31 | AJ7: =SUM(E7:AI7) -> 31 | AK7: =SUM(D7+AJ7)-(AJ8) -> 30 | AL7: 100 | AM7: 20 | AN7: =SUM(AL7-AM7) -> 80
B8: Usage | C8: TGA701 | E8: 1 | H8: 1 | I8: 1 | J8: 1 | N8: 1 | P8: 1 | Q8: 1 | R8: 1 | U8: 1 | Z8: 1 | AB8: 1 | AG8: 1 | AJ8: =SUM(E8:AI8) -> 12
A9: O2 (100%) | B9: Adding | C9: O2 | D9: 2 | AJ9: =SUM(E9:AI9) -> 0 | AK9: =SUM(D9+AJ9)-SUM(AJ9:AJ10) -> 2
B10: Usage | C10: CHN | AJ10: =SUM(E10:AI10) -> 0
A11: Helium | B11: Adding | C11: Helium | D11: 3 | AJ11: =SUM(E11:AI11) -> 0 | AK11: =SUM(D11+AJ11)-SUM(AJ11:AJ12) -> 3
B12: Usage | C12: CHN | AJ12: =SUM(E12:AI12) -> 0

Sheet May
A1: Gas Usage summary on May 2026
A2: Type | C2: Description | D2: Remine (ຍອດຕົ້ນເດືອນ 5) | E2: 1 | F2: 2 | G2: 3 | H2: 4 | I2: 5 | J2: 6 | K2: 7 | L2: 8 | M2: 9 | N2: 10 | O2: 11 | P2: 12 | Q2: 13 | R2: 14 | S2: 15 | T2: 16 | U2: 17 | V2: 18 | W2: 19 | X2: 20 | Y2: 21 | Z2: 22 | AA2: 23 | AB2: 24 | AC2: 25 | AD2: 26 | AE2: 27 | AF2: 28 | AG2: 29 | AH2: 30 | AI2: 31 | AJ2: Total | AK2: Remain (ຍອດທີ່ເຫຼືອທ້າຍເດືອນ 12) | AL2: PO Order ( ອໍເດີ ) | AM2: PO Received (ໄດ້ຮັບ) | AN2: PO Remain (ຄ້າງ)
A3: O2 (96%) | B3: Adding | C3: O2 | D3: 17 | AJ3: =SUM(E3:AI3) -> 0 | AK3: =SUM(D3+AJ3)-SUM(AJ4:AJ6) -> 0 | AL3: 100 | AM3: 53 | AN3: 47
B4: Usage | C4: TGA701 | E4: 1 | L4: 1 | Q4: 1 | X4: 1 | AE4: 1 | AI4: 1 | AJ4: =SUM(E4:AI4) -> 6
C5: SC632 | G5: 3 | L5: 1 | V5: 1 | AE5: 1 | AJ5: =SUM(E5:AI5) -> 6
C6: AC500 | J6: 1 | M6: 1 | P6: 1 | AA6: 1 | AI6: 1 | AJ6: =SUM(E6:AI6) -> 5
A7: N2 | B7: Adding | C7: N2 | D7: 30 | AJ7: =SUM(E7:AI7) -> 0 | AK7: =SUM(D7+AJ7)-(AJ8) -> 16 | AL7: 100 | AM7: 51 | AN7: =SUM(AL7-AM7) -> 49
B8: Usage | C8: TGA701 | F8: 1 | I8: 1 | K8: 1 | L8: 1 | O8: 1 | Q8: 1 | T8: 1 | U8: 1 | V8: 1 | AA8: 1 | AC8: 1 | AD8: 1 | AE8: 1 | AI8: 1 | AJ8: =SUM(E8:AI8) -> 14
A9: O2 (100%) | B9: Adding | C9: O2 | D9: 2 | AJ9: =SUM(E9:AI9) -> 0 | AK9: =SUM(D9+AJ9)-SUM(AJ9:AJ10) -> 2
B10: Usage | C10: CHN | AJ10: =SUM(E10:AI10) -> 0
A11: Helium | B11: Adding | C11: Helium | D11: 3 | AJ11: =SUM(E11:AI11) -> 0 | AK11: =SUM(D11+AJ11)-SUM(AJ11:AJ12) -> 3
B12: Usage | C12: CHN | AJ12: =SUM(E12:AI12) -> 0

Sheet TOTAL (A)
A1: Gas Usage summary in Y2026
A2: Type | B2: Description | C2: Jan | D2: Feb | E2: Mar | F2: Apr | G2: May | H2: Jun | I2: Jul | J2: Aug | K2: Sep | L2: Oct | M2: Nov | N2: Dec | O2: Total | P2: Remain | Q2: Average | R2: PO Order ( ອໍເດີ ) | S2: PO Received (ໄດ້ຮັບ) | T2: PO Remain (ຄ້າງ)
A3: O2 (96%) | B3: TGA701 | C3: =Jan!AJ4 -> 5 | D3: =Fed!AJ4 -> 6 | E3: =Mar!AJ4 -> 8 | F3: =Apr!AJ4 -> 6 | G3: =May!AJ4 -> 6 | O3: =SUM(C3:N3) -> 31 | Q3: =AVERAGE(C3:N3) -> 6.2 | R3: 100 | S3: 68 | T3: =SUM(R3-S3) -> 32
B4: SC632 | C4: =Jan!AJ5 -> 4 | D4: =Fed!AJ5 -> 3 | E4: =Mar!AJ5 -> 4 | F4: =Apr!AJ5 -> 3 | G4: =May!AJ5 -> 6 | O4: =SUM(C4:N4) -> 20 | Q4: =AVERAGE(C4:N4) -> 4
B5: AC500 | C5: =Jan!AJ6 -> 4 | D5: =Fed!AJ6 -> 4 | E5: =Mar!AJ6 -> 4 | F5: =Apr!AJ6 -> 2 | G5: =May!AJ6 -> 5 | O5: =SUM(C5:N5) -> 19 | Q5: =AVERAGE(C5:N5) -> 3.8
B6: Total | C6: =SUM(C3:C5) -> 13 | D6: =SUM(D3:D5) -> 13 | E6: =SUM(E3:E5) -> 16 | F6: =SUM(F3:F5) -> 11 | G6: =SUM(G3:G5) -> 17 | H6: =SUM(H3:H5) -> 0 | I6: =SUM(I3:I5) -> 0 | J6: =SUM(J3:J5) -> 0 | ... N6: =SUM(N3:N5) -> 0 | O6: =SUM(C6:N6) -> 70 | P6: =May!AK3 -> 0 | Q6: =AVERAGE(C6:N6) -> 5.8333333
A7: N2 | B7: TGA701 | C7: =Jan!AJ8 -> 14 | D7: =Fed!AJ8 -> 10 | E7: =Mar!AJ8 -> 14 | F7: =Apr!AJ8 -> 12 | G7: =May!AJ8 -> 14 | O7: =SUM(C7:N7) -> 64 | P7: =May!AK7 -> 16 | Q7: =AVERAGE(C7:N7) -> 12.8 | R7: 100 | S7: 96 | T7: =SUM(R7-S7) -> 4
A8: O2 (100%) | B8: CHN | C8: =Jan!AJ10 -> 0 | D8: =Fed!AJ10 -> 0 | E8: =Mar!AJ10 -> 0 | O8: =SUM(C8:N8) -> 0 | P8: =Apr!AJ10 -> 0 | Q8: =AVERAGE(C8:N8) -> 0
A9: Helium | B9: CHN | C9: =Jan!AJ12 -> 0 | D9: =Fed!AJ12 -> 0 | E9: =Mar!AJ12 -> 0 | O9: =SUM(C9:N9) -> 0 | P9: 3 | Q9: =AVERAGE(C9:N9) -> 0
A11: Gas Usage summary in Y2026
A12: Type | B12: Description | C12: Jan | D12: Feb | E12: Mar | F12: Apr | G12: May | H12: Jun | I12: Jul | J12: Aug | K12: Sep | L12: Oct | M12: Nov | N12: Dec | O12: Total | Q12: Average
A13: O2 (96%) | C13: =C6 -> 13 | D13: =D6 -> 13 | E13: =E6 -> 16 | F13: =F6 -> 11 | G13: =G6 -> 17 | H13: =H6 -> 0 | I13: =I6 -> 0 | J13: =J6 -> 0 | ... N13: =N6 -> 0 | O13: =SUM(C13:N13) -> 70 | Q13: =AVERAGE(C13:N13) -> 5.8333333
A14: N2 | B14: TGA701 | C14: =C7 -> 14 | D14: =D7 -> 10 | E14: =E7 -> 14 | F14: =F7 -> 12 | G14: =G7 -> 14 | H14: =H7 -> 0 | I14: =I7 -> 0 | J14: =J7 -> 0 | ... N14: =N7 -> 0 | O14: =SUM(C14:N14) -> 64 | Q14: =AVERAGE(C14:N14) -> 5.3333333
A15: O2 (100%) | B15: CHN | C15: 0 | D15: 1 | E15: 0 | F15: 1 | G15: 0 | H15: 1 | I15: 0 | J15: 1 | K15: 0 | L15: 1 | M15: 0 | N15: 1 | O15: =SUM(C15:N15) -> 6 | Q15: =AVERAGE(C15:N15) -> 0.5
A16: Helium | B16: CHN | C16: 0 | D16: 1 | E16: 0 | F16: 1 | G16: 0 | H16: 1 | I16: 0 | J16: 1 | K16: 0 | L16: 1 | M16: 0 | N16: 1 | O16: =SUM(C16:N16) -> 6 | Q16: =AVERAGE(C16:N16) -> 0.5
C18: แต่ละไตรมาสจะต้องส่งไปในแต่ละครั้งประมาณ 100 ถัง (95 ถัง)
A19: Type | B19: Description | C19: Q1 | F19: Q2 | I19: Q3 | L19: Q4 | O19: Total | Q19: Average (Q1,Q2,Q3,Q4)
A20: O2 (96%) | C20: =SUM(C6:E6) -> 42 | F20: =SUM(F6:H6) -> 28 | I20: =SUM(I6:K6) -> 0 | L20: =SUM(L6:N6) -> 0 | O20: =SUM(C20:N21) -> 134 | Q20: =AF20 -> 33.5 | V20: =SUM(C20:E21) -> 80 | W20: =SUM(F20:H21) -> 54 | X20: =SUM(I20:K21) -> 0 | Y20: =SUM(L20:N21) -> 0 | AE20: =SUM(V20:Y20) -> 134 | AF20: =AVERAGE(V20:Y20) -> 33.5
A21: N2 | C21: =SUM(C7:E7) -> 38 | F21: =SUM(F7:H7) -> 26 | I21: =SUM(I7:K7) -> 0 | L21: =SUM(L7:N7) -> 0
A22: O2 (100%) | C22: =SUM(C8:E8) -> 0 | F22: =SUM(F8:H8) -> 0 | I22: =SUM(I8:K8) -> 0 | L22: =SUM(L8:N8) -> 0 | O22: =SUM(C22:N23) -> 0
A23: Helium | C23: =SUM(C9:E9) -> 0 | F23: =SUM(F9:H9) -> 0 | I23: =SUM(I9:K9) -> 0 | L23: =SUM(L9:N9) -> 0 | O23: =SUM(C23:N24) -> 0
C25: ทุก 2 เดือนจะต้องส่งไปในแต่ละครั้งประมาณ 65 ถัง (63 ถัง)
A26: Type | B26: Description | C26: Q1 | E26: Q2 | G26: Q3 | I26: Q4 | K26: Q5 | M26: Q6 | O26: Total | Q26: Average (Q1,Q2,Q3,Q4,Q5,Q6)
A27: O2 (96%) | C27: =SUM(C6:D6) -> 26 | E27: =SUM(E6:F6) -> 27 | G27: =SUM(G6:H6) -> 17 | I27: =SUM(I6:J6) -> 0 | K27: =SUM(K6:L6) -> 0 | M27: =SUM(M6:N6) -> 0 | O27: =SUM(C27:N28) -> 134 | Q27: =AF27 -> 22.333333 | V27: =SUM(C27:D28) -> 50 | W27: =SUM(E27:F28) -> 53 | X27: =SUM(G27:H28) -> 31 | Y27: =SUM(I27:J28) -> 0 | Z27: =SUM(K27:L28) -> 0 | AA27: =SUM(M27:N28) -> 0 | AE27: =SUM(V27:AA27) -> 134 | AF27: =AVERAGE(V27:AA27) -> 22.333333
A28: N2 | C28: =SUM(C7:D7) -> 24 | E28: =SUM(E7:F7) -> 26 | G28: =SUM(G7:H7) -> 14 | I28: =SUM(I7:J7) -> 0 | K28: =SUM(K7:L7) -> 0 | M28: =SUM(M7:N7) -> 0
A29: O2 (100%) | C29: =SUM(C22:E22) -> 0 | F29: =SUM(F22:H22) -> 0 | I29: =SUM(I22:K22) -> 0 | L29: =SUM(L22:N22) -> 0 | O29: =SUM(C29:N30) -> 0
A30: Helium | C30: =SUM(C23:E23) -> 0 | F30: =SUM(F23:H23) -> 0 | I30: =SUM(I23:K23) -> 0 | L30: =SUM(L23:N23) -> 0 | O30: =SUM(C30:N31) -> 0
C32: จำนวน | E32: ค่าทดสอบ/ถัง | H32: ค่าซื้อถังใหม่/ถัง
A33: O2 (96%) | C33: 16 | E33: 350 | H33: 6650 | K33: =(E33*C33)+(H33*C33) -> 112000
A34: N2 | C34: 16 | E34: 350 | H34: 6835 | K34: =(E34*C34)+(H34*C34) -> 114960
A35: O2 (100%) | C35: 2 | E35: 350 | H35: 6650 | K35: =E35*C35 -> 700
A36: Helium | C36: 2 | E36: 350 | H36: 19230 | K36: =E36*C36 -> 700
K37: =SUM(K33:M36) -> 228360 | O37: 568500 | Q37: =O37-K37 -> 340140
C39: ยังไม่รวมค่าขนส่ง,VAT10%,Import duty 5%,custom clearance

Sheet Dashboard(A)
C3: ผังควบคุมจำนวนถังแก๊ส
C5: ถังทั้งหมด | D5: =F5+F7 -> 54 | E5: เต็ม | F5: =I5+K5+M5+O5 -> 21 | H5: O2 (96%) | I5: ='TOTAL (A)'!P6 -> 0 | J5: N2 | K5: ='TOTAL (A)'!P7 -> 16 | L5: O2 (100%) | M5: 2 | N5: Helium | O5: ='TOTAL (A)'!P9 -> 3
E7: ว่าง | F7: =I7+K7+M7+O7 -> 33 | I7: =May!D3+May!AJ3-May!AK3 -> 17 | K7: =May!D7+May!AJ7-May!AJ8 -> 16
D47: ไม่มี | E47: สถานะ : เต็ม,ว่าง,กำลังใช้,ชำรุด | I47: ประเภทแก๊ส | K47: หมายเลขถัง
